,test_index,Target
0,6557,True
1,6558,True
2,6559,True
3,6560,True
4,6561,True
5,6562,True
6,6563,True
7,6564,True
8,6565,True
9,6566,True
10,6567,True
11,6568,True
12,6569,True
13,6570,True
14,6571,True
15,6572,True
16,6573,True
17,6574,True
18,6575,True
19,6576,True
20,6577,True
21,6578,True
22,6579,True
23,6580,True
24,6581,True
25,6582,True
26,6583,True
27,6584,True
28,6585,True
29,6586,True
30,6587,True
31,6588,True
32,6589,True
33,6590,True
34,6591,True
35,6592,True
36,6593,True
37,6594,True
38,6595,True
39,6596,True
40,6597,True
41,6598,True
42,6599,True
43,6600,True
44,6601,True
45,6602,True
46,6603,True
47,6604,True
48,6605,True
49,6606,True
50,6607,True
51,6608,True
52,6609,False
53,6610,False
54,6611,False
55,6612,False
56,6613,False
57,6614,False
58,6615,False
59,6616,False
60,6617,False
61,6618,False
62,6619,False
63,6620,False
64,6621,False
65,6622,False
66,6623,False
67,6624,False
68,6625,False
69,6626,False
70,6627,False
71,6628,False
72,6629,False
73,6630,False
74,6631,False
75,6632,False
76,6633,False
77,6634,False
78,6635,False
79,6636,False
80,6637,False
81,6638,False
82,6639,False
83,6640,False
84,6641,False
85,6642,False
86,6643,False
87,6644,False
88,6645,False
89,6646,False
90,6647,False
91,6648,False
92,6649,False
93,6650,False
94,6651,False
95,6652,False
96,6653,False
97,6654,False
98,6655,False
99,6656,False
100,6657,False
101,6658,False
102,6659,False
103,6660,False
104,6661,False
105,6662,False
106,6663,False
107,6664,False
108,6665,False
109,6666,False
110,6667,False
111,6668,False
112,6669,False
113,6670,False
114,6671,False
115,6672,False
116,6673,False
117,6674,False
118,6675,False
119,6676,False
120,6677,False
121,6678,False
122,6679,False
123,6680,False
124,6681,False
125,6682,False
126,6683,False
127,6684,False
128,6685,False
129,6686,False
130,6687,False
131,6688,False
132,6689,False
133,6690,False
134,6691,False
135,6692,False
136,6693,False
137,6694,False
138,6695,False
139,6696,False
140,6697,False
141,6698,False
142,6699,False
143,6700,False
144,6701,False
145,6702,False
146,6703,False
147,6704,False
148,6705,False
149,6706,False
150,6707,False
151,6708,False
152,6709,False
153,6710,False
154,6711,False
155,6712,False
156,6713,False
157,6714,False
158,6715,False
159,6716,False
160,6717,False
161,6718,False
162,6719,False
163,6720,False
164,6721,False
165,6722,False
166,6723,False
167,6724,False
168,6725,False
169,6726,False
170,6727,False
171,6728,False
172,6729,False
173,6730,False
174,6731,False
175,6732,False
176,6733,False
177,6734,False
178,6735,False
179,6736,False
180,6737,False
181,6738,False
182,6739,False
183,6740,False
184,6741,False
185,6742,False
186,6743,False
187,6744,False
188,6745,False
189,6746,False
190,6747,False
191,6748,True
192,6749,True
193,6750,True
194,6751,True
195,6752,True
196,6753,True
197,6754,True
198,6755,True
199,6756,True
200,6757,True
201,6758,True
202,6759,True
203,6760,True
204,6761,True
205,6762,True
206,6763,True
207,6764,True
208,6765,True
209,6766,True
210,6767,True
211,6768,True
212,6769,True
213,6770,True
214,6771,True
215,6772,True
216,6773,True
217,6774,True
218,6775,False
219,6776,False
220,6777,True
221,6778,True
222,6779,True
223,6780,True
224,6781,True
225,6782,True
226,6783,True
227,6784,True
228,6785,True
229,6786,True
230,6787,True
231,6788,True
232,6789,True
233,6790,True
234,6791,False
235,6792,False
236,6793,False
237,6794,False
238,6795,False
239,6796,False
240,6797,False
241,6798,False
242,6799,True
243,6800,True
244,6801,True
245,6802,True
246,6803,True
247,6804,True
248,6805,True
249,6806,True
250,6807,True
251,6808,True
252,6809,True
253,6810,True
254,6811,True
255,6812,True
256,6813,True
257,6814,True
258,6815,True
259,6816,True
260,6817,True
261,6818,True
262,6819,True
263,6820,True
264,6821,True
265,6822,True
266,6823,True
267,6824,True
268,6825,True
269,6826,True
270,6827,True
271,6828,True
272,6829,True
273,6830,True
274,6831,True
275,6832,True
276,6833,True
277,6834,True
278,6835,True
279,6836,True
280,6837,True
281,6838,True
282,6839,True
283,6840,True
284,6841,True
285,6842,True
286,6843,True
287,6844,True
288,6845,True
289,6846,True
290,6847,True
291,6848,True
292,6849,True
293,6850,True
294,6851,True
295,6852,True
296,6853,True
297,6854,True
298,6855,True
299,6856,True
300,6857,True
301,6858,True
302,6859,True
303,6860,True
304,6861,True
305,6862,True
306,6863,True
307,6864,False
308,6865,False
309,6866,False
310,6867,False
311,6868,False
312,6869,False
313,6870,False
314,6871,False
315,6872,True
316,6873,True
317,6874,True
318,6875,True
319,6876,True
320,6877,True
321,6878,True
322,6879,True
323,6880,True
324,6881,True
325,6882,True
326,6883,True
327,6884,True
328,6885,True
329,6886,True
330,6887,True
331,6888,True
332,6889,True
333,6890,True
334,6891,True
335,6892,True
336,6893,False
337,6894,True
338,6895,True
339,6896,True
340,6897,True
341,6898,True
342,6899,True
343,6900,True
344,6901,True
345,6902,True
346,6903,True
347,6904,True
348,6905,True
349,6906,True
350,6907,True
351,6908,True
352,6909,True
353,6910,True
354,6911,True
355,6912,True
356,6913,True
357,6914,True
358,6915,True
359,6916,True
360,6917,True
361,6918,True
362,6919,True
363,6920,True
364,6921,True
365,6922,True
366,6923,True
367,6924,True
368,6925,True
369,6926,True
370,6927,True
371,6928,True
372,6929,True
373,6930,True
374,6931,True
375,6932,True
376,6933,True
377,6934,True
378,6935,True
379,6936,True
380,6937,True
381,6938,True
382,6939,True
383,6940,True
384,6941,True
385,6942,True
386,6943,True
387,6944,True
388,6945,True
389,6946,True
390,6947,True
391,6948,True
392,6949,True
393,6950,True
394,6951,True
395,6952,True
396,6953,True
397,6954,True
398,6955,True
399,6956,True
400,6957,True
401,6958,True
402,6959,True
403,6960,True
404,6961,True
405,6962,True
406,6963,True
407,6964,True
408,6965,True
409,6966,True
410,6967,True
411,6968,True
412,6969,True
413,6970,True
414,6971,True
415,6972,True
416,6973,True
417,6974,True
418,6975,True
419,6976,True
420,6977,True
421,6978,True
422,6979,True
423,6980,True
424,6981,True
425,6982,True
426,6983,True
427,6984,True
428,6985,True
429,6986,True
430,6987,True
431,6988,True
432,6989,True
433,6990,True
434,6991,True
435,6992,True
436,6993,True
437,6994,True
438,6995,True
439,6996,True
440,6997,True
441,6998,True
442,6999,True
443,7000,True
444,7001,True
445,7002,True
446,7003,True
447,7004,True
448,7005,True
449,7006,True
450,7007,True
451,7008,True
452,7009,True
453,7010,True
454,7011,True
455,7012,True
456,7013,True
457,7014,True
458,7015,True
459,7016,True
460,7017,True
461,7018,True
462,7019,True
463,7020,True
464,7021,True
465,7022,True
466,7023,True
467,7024,True
468,7025,True
469,7026,True
470,7027,True
471,7028,True
472,7029,True
473,7030,True
474,7031,True
475,7032,True
476,7033,True
477,7034,False
478,7035,False
479,7036,False
480,7037,False
481,7038,False
482,7039,False
483,7040,False
484,7041,False
485,7042,False
486,7043,False
487,7044,False
488,7045,False
489,7046,False
490,7047,False
491,7048,False
492,7049,False
493,7050,False
494,7051,False
495,7052,False
496,7053,False
497,7054,False
498,7055,False
499,7056,False
500,7057,False
501,7058,False
502,7059,False
503,7060,False
504,7061,False
505,7062,False
506,7063,False
507,7064,False
508,7065,False
509,7066,False
510,7067,False
511,7068,False
512,7069,False
513,7070,False
514,7071,True
515,7072,True
516,7073,True
517,7074,True
518,7075,True
519,7076,True
520,7077,True
521,7078,True
522,7079,True
523,7080,True
524,7081,True
525,7082,True
526,7083,True
527,7084,True
528,7085,True
529,7086,True
530,7087,True
531,7088,True
532,7089,True
533,7090,True
534,7091,True
535,7092,True
536,7093,True
537,7094,True
538,7095,True
539,7096,True
540,7097,True
541,7098,True
542,7099,True
543,7100,True
544,7101,True
545,7102,True
546,7103,True
547,7104,True
548,7105,True
549,7106,True
550,7107,True
551,7108,True
552,7109,True
553,7110,True
554,7111,True
555,7112,True
556,7113,True
557,7114,True
558,7115,True
559,7116,True
560,7117,True
561,7118,True
562,7119,True
563,7120,True
564,7121,True
565,7122,True
566,7123,True
567,7124,True
568,7125,True
569,7126,True
570,7127,True
571,7128,True
572,7129,True
573,7130,True
574,7131,True
575,7132,True
576,7133,True
577,7134,True
578,7135,True
579,7136,True
580,7137,True
581,7138,True
582,7139,True
583,7140,True
584,7141,True
585,7142,True
586,7143,True
587,7144,True
588,7145,True
589,7146,True
590,7147,True
591,7148,True
592,7149,True
593,7150,True
594,7151,True
595,7152,True
596,7153,True
597,7154,True
598,7155,False
599,7156,False
600,7157,False
601,7158,False
602,7159,False
603,7160,False
604,7161,False
605,7162,False
606,7163,False
607,7164,False
608,7165,False
609,7166,False
610,7167,False
611,7168,False
612,7169,False
613,7170,False
614,7171,False
615,7172,False
616,7173,False
617,7174,False
618,7175,True
619,7176,True
620,7177,True
621,7178,True
622,7179,True
623,7180,True
624,7181,True
625,7182,True
626,7183,True
627,7184,True
628,7185,True
629,7186,True
630,7187,True
631,7188,True
632,7189,True
633,7190,True
634,7191,True
635,7192,True
636,7193,True
637,7194,True
638,7195,True
639,7196,True
640,7197,True
641,7198,True
642,7199,True
643,7200,True
644,7201,True
645,7202,True
646,7203,True
647,7204,True
648,7205,True
649,7206,True
650,7207,True
651,7208,True
652,7209,True
653,7210,True
654,7211,True
655,7212,True
656,7213,True
657,7214,True
658,7215,True
659,7216,True
660,7217,True
661,7218,True
662,7219,True
663,7220,True
664,7221,True
665,7222,True
666,7223,True
667,7224,True
668,7225,True
669,7226,True
670,7227,True
671,7228,True
672,7229,True
673,7230,True
674,7231,True
675,7232,True
676,7233,True
677,7234,True
678,7235,True
679,7236,False
680,7237,False
681,7238,False
682,7239,False
683,7240,True
684,7241,True
685,7242,True
686,7243,True
687,7244,True
688,7245,True
689,7246,True
690,7247,True
691,7248,True
692,7249,True
693,7250,True
694,7251,True
695,7252,True
